<?xml version="1.0" encoding="UTF-8"?>
<project-private xmlns="http://www.netbeans.org/ns/project-private/1">
    <editor-bookmarks xmlns="http://www.netbeans.org/ns/editor-bookmarks/2" lastBookmarkId="0"/>
    <open-files xmlns="http://www.netbeans.org/ns/projectui-open-files/2">
        <group>
            <file>file:/C:/proyectos/datapolitik/DataPolitikLogin/web/index.html</file>
            <file>file:/C:/proyectos/datapolitik/DataPolitikLogin/src/java/co/sena/datapolitik/service/AuthService.java</file>
            <file>file:/C:/proyectos/datapolitik/DataPolitikLogin/web/login.jsp</file>
            <file>file:/C:/proyectos/datapolitik/DataPolitikLogin/web/WEB-INF/web.xml</file>
            <file>file:/C:/proyectos/datapolitik/DataPolitikLogin/src/java/co/sena/datapolitik/model/Usuario.java</file>
            <file>file:/C:/proyectos/datapolitik/DataPolitikLogin/src/java/co/sena/datapolitik/service/impl/AuthServiceImpl.java</file>
            <file>file:/C:/proyectos/datapolitik/DataPolitikLogin/src/java/co/sena/datapolitik/controller/LoginServlet.java</file>
            <file>file:/C:/proyectos/datapolitik/DataPolitikLogin/web/dashboard.jsp</file>
        </group>
    </open-files>
</project-private>
